

INSERT INTO POKEMON (ID,NAME,TYPE) VALUES (37,'Vulpix','Fire');
INSERT INTO POKEMON (ID,NAME,TYPE,TRAINER_ID) VALUES (6,'Charizard','Fire',4);
INSERT INTO POKEMON (ID,NAME,TYPE,TRAINER_ID) VALUES (126,'Magmar','Fire',1);
INSERT INTO POKEMON (ID,NAME,TYPE) VALUES (154,'Cyndaquil','Fire');
INSERT INTO POKEMON (ID,NAME,TYPE,TRAINER_ID) VALUES (653,'Fennekin','Fire',5);


INSERT INTO POKEMON (ID,NAME,TYPE,TRAINER_ID) VALUES (134,'Vaporeon','Water',3);
INSERT INTO POKEMON (ID,NAME,TYPE) VALUES (55,'Golduck','Water');
INSERT INTO POKEMON (ID,NAME,TYPE) VALUES (99,'Kingler','Water');
INSERT INTO POKEMON (ID,NAME,TYPE) VALUES (129,'Magikarp','Water');
INSERT INTO POKEMON (ID,NAME,TYPE) VALUES (131,'Lapras','Water');


INSERT INTO POKEMON (ID,NAME,TYPE,TRAINER_ID) VALUES (1,'Bulbasaur','Grass',4);
INSERT INTO POKEMON (ID,NAME,TYPE) VALUES (071,'Victreebel','Grass');
INSERT INTO POKEMON (ID,NAME,TYPE) VALUES (152,'Chikorita','Grass');
INSERT INTO POKEMON (ID,NAME,TYPE) VALUES (192,'Sunflora','Grass');
INSERT INTO POKEMON (ID,NAME,TYPE,TRAINER_ID) VALUES (319,'Sharpedo','Grass',1);

INSERT INTO TRAINER (ID,NAME,LEVEL) VALUES (1,'ASH',0);
INSERT INTO TRAINER (ID,NAME,LEVEL) VALUES (2,'MISTY',1);
INSERT INTO TRAINER (ID,NAME,LEVEL) VALUES (3,'BROOKS',1);
INSERT INTO TRAINER (ID,NAME,LEVEL) VALUES (4,'OMER',0);
INSERT INTO TRAINER (ID,NAME,LEVEL) VALUES (5,'SHLOMO_TRAAINER',0);

--INSERT INTO POKEMONS_TRAINER (TRAINER_ID, POKEMON_ID) VALUES (4,6);
--INSERT INTO POKEMONS_TRAINER (TRAINER_ID, POKEMON_ID) VALUES (3,134);
--INSERT INTO POKEMONS_TRAINER (TRAINER_ID, POKEMON_ID) VALUES (0,319);
--INSERT INTO POKEMONS_TRAINER (TRAINER_ID, POKEMON_ID) VALUES (4,1);
--INSERT INTO POKEMONS_TRAINER (TRAINER_ID, POKEMON_ID) VALUES (4,653);
--INSERT INTO POKEMONS_TRAINER (TRAINER_ID, POKEMON_ID) VALUES (0,126);
